{
  "posts": [
    {
      "id": "11",
      "title": "Escape the city today",
      "slug": "escape-city-today",
      "subtitle": "Featured",
      "category": "Travel",
      "date": "January 16, 2016",
      "content": "Is am hastily invited settled at limited civilly fortune me. Really spring in extent an by. Judge but built party world...",
      "link": "post",
      "img": "img/photo/photo-1467987506553-8f3916508521.jpg"
    },
    {
      "id": "1",
      "title": "Autumn fashion tips and tricks",
      "slug": "autumn-fashion-tips-and-tricks",
      "category": "Travel",
      "date": "January 16, 2016",
      "content": "Pellentesque habitant morbi tristique senectus. Vestibulum tortor quam, feugiat vitae, ultricies ege...",
      "link": "post",
      "img": "img/photo/photo-1512917774080-9991f1c4c750.jpg"
    },
    {
      "id": "2",
      "title": "Newest photo apps",
      "slug": "newest-photo-apps",
      "category": "Living",
      "date": "January 16, 2016",
      "content": "ellentesque habitant morbi tristique senectus et netus et malesuada fames ac turpis egestas. Vestibu...",
      "link": "post",
      "img": "img/photo/photo-1522771739844-6a9f6d5f14af.jpg"
    },
    {
      "id": "3",
      "title": "Best books about Photography",
      "slug": "best-books-about-photography",
      "category": "Travel",
      "date": "January 16, 2016",
      "content": "Vestibulum tortor quam, feugiat vitae, ultricies eget, tempor sit amet, ante.  Mauris placerat eleif...",
      "link": "post",
      "img": "img/photo/photo-1482463084673-98272196658a.jpg"
    },
    {
      "id": "4",
      "title": "Pellentesque habitant morbi",
      "slug": "pellentesque-habitant-morbi",
      "category": "Living",
      "date": "January 16, 2016",
      "content": "Pellentesque habitant morbi tristique senectus. Vestibulum tortor quam, feugiat vitae, ultricies ege...",
      "link": "post",
      "img": "img/photo/photo-1499695867787-121ffb7950bf.jpg"
    },
    {
      "id": "5",
      "title": "10 Free things to do in Venice",
      "slug": "10-free-things-to-do-in-venice",
      "category": "Travel",
      "date": "January 16, 2016",
      "content": "Vestibulum tortor quam, feugiat vitae, ultricies eget, tempor sit amet, ante.  Mauris placerat eleif.",
      "link": "post",
      "img": "img/photo/photo-1495562569060-2eec283d3391.jpg"
    },
    {
      "id": "6",
      "title": "Best of this year's Biennale",
      "slug": "best-of-this-years-biennale",
      "category": "Guides",
      "date": "January 16, 2016",
      "content": "Pellentesque habitant morbi tristique senectus et netus et malesuada fames ac turpis egestas. Vestib...",
      "link": "post",
      "img": "img/photo/photo-1514890547357-a9ee288728e0.jpg"
    }
  ]
}
