{
    "title": "Eat in Manhattan, NY",
    "sortby": [
        {
            "value": "popular",
            "label":  "Most popular"
            
        },
        {
            "value": "recommended",
            "label":  "Recommended"
            
        },
        {
            "value": "newest",
            "label":  "Newest"
            
        },
        {
            "value": "oldest",
            "label":  "Oldest"
            
        },
        {
            "value": "closest",
            "label":  "Closest"
            
        }
    ],
    "neighbourhood": [
        {
            "value": "0",
            "label":  "Battery Park City"
        },
        {
            "value": "1",
            "label":  "Bowery"
        },
        {
            "value": "2",
            "label":  "Carnegie Hill"
        },
        {
            "value": "3",
            "label":  "Central Park"
        },
        {
            "value": "4",
            "label":  "Chelsea"
        },
        {
            "value": "5",
            "label":  "Chinatown"
        },
        {
            "value": "6",
            "label":  "Civic Center"
        },
        {
            "value": "7",
            "label":  "East Harlem"
        },
        {
            "value": "8",
            "label":  "Financial District"
        },
        {
            "value": "9",
            "label":  "Flatiron"
        },
        {
            "value": "10",
            "label":  "Garment District"
        },
        {
            "value": "11",
            "label":  "Gramercy Park"
        },
        {
            "value": "12",
            "label":  "Greenwich Village"
        },
        {
            "value": "13",
            "label":  "East Village"
        },
        {
            "value": "14",
            "label":  "West Village"
        },
        {
            "value": "15",
            "label":  "Hamilton Heights"
        },
        {
            "value": "16",
            "label":  "Harlem"
        },
        {
            "value": "17",
            "label":  "Hell's Kitchen / Clinton"
        },
        {
            "value": "18",
            "label":  "Inwood"
        },
        {
            "value": "19",
            "label":  "Kips Bay"
        },
        {
            "value": "20",
            "label":  "Lenox Hill"
        },
        {
            "value": "21",
            "label":  "Little Italy"
        },
        {
            "value": "22",
            "label":  "Lower Eastside"
        },
        {
            "value": "23",
            "label":  "Madison Square"
        },
        {
            "value": "24",
            "label":  "Manhattan Valley"
        },
        {
            "value": "25",
            "label":  "Meatpacking District"
        },
        {
            "value": "26",
            "label":  "Midtown"
        },
        {
            "value": "27",
            "label":  "Morningside Heights"
        },
        {
            "value": "28",
            "label":  "Murray Hill"
        },
        {
            "value": "29",
            "label":  "NoHo"
        },
        {
            "value": "30",
            "label":  "NoLita"
        },
        {
            "value": "31",
            "label":  "Roosevelt Island"
        },
        {
            "value": "32",
            "label":  "SoHo"
        },
        {
            "value": "33",
            "label":  "Stuyvesant Town (Stuyvesant Square)"
        },
        {
            "value": "34",
            "label":  "Sutton Place"
        },
        {
            "value": "35",
            "label":  "Times Square"
        },
        {
            "value": "36",
            "label":  "Tribeca"
        },
        {
            "value": "37",
            "label":  "Turtle Bay"
        },
        {
            "value": "38",
            "label":  "Upper Eastside"
        },
        {
            "value": "39",
            "label":  "Upper Westside"
        },
        {
            "value": "40",
            "label":  "Washington Heights"
        },
        {
            "value": "41",
            "label":  "Yorkville"
        }
    ],
    "categories": [
        {
            "value": "category_0",
            "label": "Hipster"
        },
        {
            "value": "category_1",
            "label": "Music club"
        },
        {
            "value": "category_2",
            "label": "Bar"
        },
        {
            "value": "category_3",
            "label": "Pub"
        },
        {
            "value": "category_4",
            "label": "Deli"
        },
        {
            "value": "category_5",
            "label": "Bistro"
        }
    ],
    "tags": {
        "title": "Tag",
        "items": [
            {
                "value": "type_0",
                "label": "Hipster"
            },
            {
                "value": "type_1",
                "label": "Music club"
            },
            {
                "value": "type_2",
                "label": "Bar"
            },
            {
                "value": "type_3",
                "label": "Pub"
            },
            {
                "value": "type_4",
                "label": "Deli"
            },
            {
                "value": "type_5",
                "label": "Bistro"
            }
        ]
    },
    "cuisine": {
        "title": "Cuisine",
        "items": [
            {
                "value": "cuisine_0",
                "label": "Fusion"
            },
            {
                "value": "cuisine_1",
                "label": "Indian"
            },
            {
                "value": "cuisine_2",
                "label": "French"
            },
            {
                "value": "cuisine_3",
                "label": "American"
            },
            {
                "value": "cuisine_4",
                "label": "Mexican"
            },
            {
                "value": "cuisine_5",
                "label": "Other"
            }
        ]

    }
}