{
  "title": "Comparison",
  "table": {
    "columns": [
      {
        "title": "Modern, Well-Appointed Room",
        "stars": "5",
        "badge": "Our choice",
        "badgeColor": "primary",
        "link": "/detail-rooms",
        "img": "photo-1484154218962-a197022b5858.jpg",
        "price": "$80",
        "area": "150",
        "rooms": "3",
        "bedrooms": "2",
        "bathrooms": "1",
        "airconditioning": true,
        "swimmingpool": true,
        "laundry": true,
        "windowcovering": true,
        "gym": true,
        "internet": false
      },
      {
        "title": "Cute Quirky Garden apt, NYC adjacent",
        "stars": "4",
        "badge": "Popular",
        "badgeColor": "warning",
        "link": "/detail-rooms",
        "img": "photo-1426122402199-be02db90eb90.jpg",
        "price": "$121",
        "area": "250",
        "rooms": "3",
        "bedrooms": "2",
        "bathrooms": "1",
        "airconditioning": true,
        "swimmingpool": false,
        "laundry": true,
        "windowcovering": true,
        "gym": true,
        "internet": true
      },
      {
        "title": "Modern Apt - Vibrant Neighborhood!",
        "stars": "3",
        "badge": "Cheapest",
        "badgeColor": "success",
        "link": "/detail-rooms",
        "img": "photo-1512917774080-9991f1c4c750.jpg",
        "price": "$75",
        "area": "350",
        "rooms": "4",
        "bedrooms": "3",
        "bathrooms": "2",
        "airconditioning": false,
        "swimmingpool": true,
        "laundry": false,
        "windowcovering": false,
        "gym": true,
        "internet": false
      },
      {
        "title": "Sunny Private Studio-Apartment",
        "stars": "4",
        "link": "/detail-rooms",
        "img": "photo-1494526585095-c41746248156.jpg",
        "price": "$93",
        "area": "350",
        "rooms": "4",
        "bedrooms": "4",
        "bathrooms": "4",
        "airconditioning": true,
        "swimmingpool": false,
        "laundry": true,
        "windowcovering": true,
        "gym": true,
        "internet": true
      }
    ]
  }
}
