{
    "title": "How can we help you today?",
    "subtitle": "Contact",
    "img": "photo-1522143049013-2519756a52d4.jpg",
    "address": {
        "title": "Address",
        "row1": "13/25 New Avenue",
        "row2": "New Heaven, 45Y 73J",
        "row3": "England, <strong>Great Britain</strong>"
    },
    "callcenter": {
        "title": "Call center",
        "content": "Sed do eiusmod tempor incididunt ut labore et dolore magna aliqua.",
        "phone": "+33 555 444 333"
    },
    "electronicsupport": {
        "title": "Electronic support",
        "content": "Please feel free to write an email to us or to use our electronic ticketing system.",
        "phone": "+33 555 444 333",
        "emails": [
            "info@sell.com",
            "support@sell.com"
        ]
    },
    "content": "<p class='text-muted'>Effects present letters inquiry no an removed or friends. Desire behind latter me though in. Supposing shameless am he engrossed up additions. My possible peculiar together to. Desire so better am cannot he up before points. Remember mistaken opinions it pleasure of debating. Court front maids forty if aware their at. Chicken use are pressed removed. </p><p class='text-muted'>Able an hope of body. Any nay shyness article matters own removal nothing his forming. Gay own additions education satisfied the perpetual. If he cause manor happy. Without farther she exposed saw man led. Along on happy could cease green oh. </p>",
    "social": [
        {
            "icon": "twitter",
            "link": "#"
        },
        {
            "icon": "facebook",
            "link": "#"
        },
        {
            "icon": "instagram",
            "link": "#"
        },
        {
            "icon": "pinterest",
            "link": "#"
        },
        {
            "icon": "vimeo",
            "link": "#"
        }
    ]
}