{
    "title": "F.A.Q.s",
    "subtitle": "Frequently asked questions",
    "content": "As am hastily invited settled at limited civilly fortune me. Really spring in extent an by. Judge but built party world. Of so am he remember although required. Bachelor unpacked be advanced at. Confined in declared marianne is vicinity.",
    "questionGroups": [
        {
            "title": "Shopping",
            "questions": [
                {
                    "title": "What shipping method does Sell use?",
                    "content": "The bedding was hardly able to cover it and seemed ready to slide off any moment. His many legs, pitifully thin compared with the size of the rest of him, waved about helplessly as he looked. &quot;What's happened to me?&quot; he thought. It wasn't a dream."
                },
                {
                    "title": "What countries do you to?",
                    "content": "His room, a proper human room although a little too small, lay peacefully between its four familiar walls. A collection of textile samples lay spread out on the table."
                },
                {
                    "title": "One of my items is missing",
                    "content": "Samsa was a travelling salesman - and above it there hung a picture that he had recently cut out of an illustrated magazine and housed in a nice, gilded frame."
                },
                {
                    "title": "Remote areas - delivery",
                    "content": "He must have tried it a hundred times, shut his eyes so that he wouldn't have to look at the floundering legs, and only stopped when he began to feel a mild, dull pain there that he had never felt before."
                }
            ]
        },
        {
            "title": "Payment",
            "questions": [
                {
                    "title": "Can I pay COD - cash on delivery?",
                    "content": "One morning, when Gregor Samsa woke from troubled dreams, he found himself transformed in his bed into a horrible vermin. He lay on his armour-like back, and if he lifted his head a little he could see his brown belly, slightly domed and divided by arches into stiff sections</p>"
                },
                {
                    "title": "Payment methods accepted",
                    "content": "One morning, when Gregor Samsa woke from troubled dreams, he found himself transformed in his bed into a horrible vermin. He lay on his armour-like back, and if he lifted his head a little he could see his brown belly, slightly domed and divided by arches into stiff sections"
                },
                {
                    "title": "What is Paypal?",
                    "content": "The bedding was hardly able to cover it and seemed ready to slide off any moment. His many legs, pitifully thin compared with the size of the rest of him, waved about helplessly as he looked. &quot;What's happened to me?&quot; he thought. It wasn't a dream."
                },
                {
                    "title": "How do the conversion rates work",
                    "content": "His room, a proper human room although a little too small, lay peacefully between its four familiar walls. A collection of textile samples lay spread out on the table."
                }
            ]
        },
        {
            "title": "Warranty and return",
            "questions": [
                {
                    "title": "My product has a problem what should I do?",
                    "content": "Samsa was a travelling salesman - and above it there hung a picture that he had recently cut out of an illustrated magazine and housed in a nice, gilded frame."
                },
                {
                    "title": "What if the product is broken?",
                    "content": "He must have tried it a hundred times, shut his eyes so that he wouldn't have to look at the floundering legs, and only stopped when he began to feel a mild, dull pain there that he had never felt before."
                },
                {
                    "title": "Why should I buy insurance at the checkout?",
                    "content": "One morning, when Gregor Samsa woke from troubled dreams, he found himself transformed in his bed into a horrible vermin. He lay on his armour-like back, and if he lifted his head a little he could see his brown belly, slightly domed and divided by arches into stiff sections"
                }
            ]
        }
    ]
}