[
    {
        "link": "#",
        "img": "img/instagram/instagram-1.jpg"
    },
    {
        "link": "#",
        "img": "img/instagram/instagram-2.jpg"
    },
    {
        "link": "#",
        "img": "img/instagram/instagram-3.jpg"
    },
    {
        "link": "#",
        "img": "img/instagram/instagram-4.jpg"
    },
    {
        "link": "#",
        "img": "img/instagram/instagram-5.jpg"
    },
    {
        "link": "#",
        "img": "img/instagram/instagram-6.jpg"
    },
    {
        "link": "#",
        "img": "img/instagram/instagram-7.jpg"
    },
    {
        "link": "#",
        "img": "img/instagram/instagram-8.jpg"
    },
    {
        "link": "#",
        "img": "img/instagram/instagram-9.jpg"
    },
    {
        "link": "#",
        "img": "img/instagram/instagram-10.jpg"
    },
    {
        "link": "#",
        "img": "img/instagram/instagram-11.jpg"
    },
    {
        "link": "#",
        "img": "img/instagram/instagram-12.jpg"
    },
    {
        "link": "#",
        "img": "img/instagram/instagram-13.jpg"
    },
    {
        "link": "#",
        "img": "img/instagram/instagram-14.jpg"
    },
    {
        "link": "#",
        "img": "img/instagram/instagram-10.jpg"
    },
    {
        "link": "#",
        "img": "img/instagram/instagram-11.jpg"
    },
    {
        "link": "#",
        "img": "img/instagram/instagram-12.jpg"
    },
    {
        "link": "#",
        "img": "img/instagram/instagram-13.jpg"
    },
    {
        "link": "#",
        "img": "img/instagram/instagram-14.jpg"
    }
]