{
    "blocks": [
        {
            "name": "Help & Documentation",
            "icon": "destination-map-1",
            "text": "One morning, when Gregor Samsa woke from troubled dreams, he found himself transformed in his bed in",
            "link": "/knowledge-base-topic"
        },
        {
            "name": "Developer Resources",
            "icon": "laptop-screen-1",
            "text": "The bedding was hardly able to cover it and seemed ready to slide off any moment. His many legs, pit",
            "link": "/knowledge-base-topic"
        },
        {
            "name": "Chat With Us",
            "icon": "chat-app-1",
            "text": "His room, a proper human room although a little too small, lay peacefully between its four familiar ",
            "link": "/knowledge-base-topic"
        }
    ],
    "topics": [
        {
            "name": "Introduction",
            "link": "/knowledge-base-topic",
            "items": [
                {
                    "name": "Sint consequat aliquip?",
                    "link": "/knowledge-base-topic"
                },
                {
                    "name": "Adipisicing voluptate magna quis sunt dolor velit.",
                    "link": "/knowledge-base-topic"
                },
                {
                    "name": "Ad pariatur anim magna?",
                    "link": "/knowledge-base-topic"
                },
                {
                    "name": "officia aliqua fugiat ex?",
                    "link": "/knowledge-base-topic"
                },
                {
                    "name": "Sint consequat aliquip?",
                    "link": "/knowledge-base-topic"
                },
                {
                    "name": "Adipisicing voluptate magna quis sunt dolor velit.",
                    "link": "/knowledge-base-topic"
                },
                {
                    "name": "Ad pariatur anim magna?",
                    "link": "/knowledge-base-topic"
                },
                {
                    "name": "officia aliqua fugiat ex?",
                    "link": "/knowledge-base-topic"
                },
                {
                    "name": "Sint consequat aliquip?",
                    "link": "/knowledge-base-topic"
                },
                {
                    "name": "Adipisicing voluptate magna quis sunt dolor velit.",
                    "link": "/knowledge-base-topic"
                },
                {
                    "name": "Ad pariatur anim magna?",
                    "link": "/knowledge-base-topic"
                },
                {
                    "name": "officia aliqua fugiat ex?",
                    "link": "/knowledge-base-topic"
                }
            ]
        },
        {
            "name": "Usage",
            "link": "/knowledge-base-topic",
            "items": [
                {
                    "name": "Sint consequat aliquip?",
                    "link": "/knowledge-base-topic"
                },
                {
                    "name": "Adipisicing voluptate magna quis sunt dolor velit.",
                    "link": "/knowledge-base-topic"
                },
                {
                    "name": "Ad pariatur anim magna?",
                    "link": "/knowledge-base-topic"
                },
                {
                    "name": "officia aliqua fugiat ex?",
                    "link": "/knowledge-base-topic"
                },
                {
                    "name": "Sint consequat aliquip?",
                    "link": "/knowledge-base-topic"
                }
            ]
        },
        {
            "name": "Renting",
            "link": "/knowledge-base-topic",
            "items": [
                {
                    "name": "Sint consequat aliquip?",
                    "link": "/knowledge-base-topic"
                },
                {
                    "name": "Adipisicing voluptate magna quis sunt dolor velit.",
                    "link": "/knowledge-base-topic"
                },
                {
                    "name": "Ad pariatur anim magna?",
                    "link": "/knowledge-base-topic"
                },
                {
                    "name": "officia aliqua fugiat ex?",
                    "link": "/knowledge-base-topic"
                },
                {
                    "name": "Sint consequat aliquip?",
                    "link": "/knowledge-base-topic"
                },
                {
                    "name": "officia aliqua fugiat ex?",
                    "link": "/knowledge-base-topic"
                },
                {
                    "name": "Sint consequat aliquip?",
                    "link": "/knowledge-base-topic"
                }
            ]
        },
        {
            "name": "Fees",
            "link": "/knowledge-base-topic",
            "items": [
                {
                    "name": "Sint consequat aliquip?",
                    "link": "/knowledge-base-topic"
                },
                {
                    "name": "Adipisicing voluptate magna quis sunt dolor velit.",
                    "link": "/knowledge-base-topic"
                },
                {
                    "name": "Ad pariatur anim magna?",
                    "link": "/knowledge-base-topic"
                },
                {
                    "name": "officia aliqua fugiat ex?",
                    "link": "/knowledge-base-topic"
                }
            ]
        },
        {
            "name": "Other",
            "link": "/knowledge-base-topic",
            "items": [
                {
                    "name": "Sint consequat aliquip?",
                    "link": "/knowledge-base-topic"
                },
                {
                    "name": "Adipisicing voluptate magna quis sunt dolor velit.",
                    "link": "/knowledge-base-topic"
                },
                {
                    "name": "Ad pariatur anim magna?",
                    "link": "/knowledge-base-topic"
                },
                {
                    "name": "officia aliqua fugiat ex?",
                    "link": "/knowledge-base-topic"
                },
                {
                    "name": "officia aliqua fugiat ex?",
                    "link": "/knowledge-base-topic"
                }
            ]
        }
    ]
}
