[
  {
    "name": "Meredith Goodwin",
    "image": "/content/img/avatar/avatar-0.jpg",
    "type": "Double Room",
    "date": "February 16, 2019",
    "content": "The bedding was hardly able to cover it and seemed ready to slide off any moment. His many legs, pitifully thin compared with the size of the rest of him, waved about helplessly as he looked. 'What's happened to me?' he thought. It wasn't a dream.",
    "featured": true,
    "badgecolor": "secondary"
  },
  {
    "name": "Weeks Garrett",
    "image": "/content/img/avatar/avatar-1.jpg",
    "type": "Double Room",
    "date": "March 14, 2019",
    "content": "The bedding was hardly able to cover it and seemed ready to slide off any moment. His many legs, pitifully thin compared with the size of the rest of him, waved about helplessly as he looked. 'What's happened to me?' he thought. It wasn't a dream.",
    "badgecolor": "primary"
  },
  {
    "name": "Fisher Bauer",
    "image": "/content/img/avatar/avatar-2.jpg",
    "type": "Double Room",
    "date": "March 10, 2019",
    "content": "His room, a proper human room although a little too small, lay peacefully between its four familiar walls. A collection of textile samples lay spread out on the table.",
    "badgecolor": "danger"
  },
  {
    "name": "Aguilar Webb",
    "image": "/content/img/avatar/avatar-3.jpg",
    "type": "Double Room",
    "date": "April 09, 2019",
    "content": "Samsa was a travelling salesman - and above it there hung a picture that he had recently cut out of an illustrated magazine and housed in a nice, gilded frame.",
    "featured": true,
    "badgecolor": "success"
  },
  {
    "name": "Melton Simon",
    "image": "/content/img/avatar/avatar-4.jpg",
    "type": "Double Room",
    "date": "March 24, 2019",
    "content": "He must have tried it a hundred times, shut his eyes so that he wouldn't have to look at the floundering legs, and only stopped when he began to feel a mild, dull pain there that he had never felt before.",
    "badgecolor": "secondary"
  }
]
